Bulbasaur,Bulbasaur@teste.com
Ivysaur,Ivysaur@teste.com
Charmander,Charmander@teste.com
Charmeleon,Charmeleon@teste.com
Squirtle,Squirtle@teste.com
Butterfree,Butterfree@teste.com
Pidgey,Pidgey@teste.com